userId,userName,phoneNumber,countryCode
384,Jmeter Test User,7344312970,91
385,Jmeter Test User,7344312971,91
386,Jmeter Test User,7344312972,91
387,Jmeter Test User,7344312973,91
388,Jmeter Test User,7344312974,91
389,Jmeter Test User,7344312975,91
390,Jmeter Test User,7344312976,91
391,Jmeter Test User,7344312977,91
392,Jmeter Test User,7344312978,91
393,Jmeter Test User,7344312979,91
394,Jmeter Test User,8344312970,91
395,Jmeter Test User,8344312971,91
396,Jmeter Test User,8344312972,91
397,Jmeter Test User,8344312973,91
398,Jmeter Test User,8344312974,91
399,Jmeter Test User,8344312975,91
400,Jmeter Test User,8344312976,91
401,Jmeter Test User,8344312977,91
402,Jmeter Test User,8344312978,91
403,Jmeter Test User,8344312979,91